gt,pred,outcome,iou,conf,width,image
with_mask,with_mask,correct,0.87,0.84,52.0,maksssksksss103.png
with_mask,with_mask,correct,0.95,0.88,48.0,maksssksksss103.png
with_mask,with_mask,correct,0.88,0.85,42.0,maksssksksss103.png
with_mask,with_mask,correct,0.92,0.82,32.0,maksssksksss103.png
without_mask,without_mask,correct,0.9,0.89,24.0,maksssksksss104.png
without_mask,without_mask,correct,0.87,0.85,20.0,maksssksksss104.png
without_mask,without_mask,correct,0.71,0.88,16.0,maksssksksss104.png
with_mask,with_mask,correct,0.85,0.85,41.0,maksssksksss104.png
with_mask,with_mask,correct,0.88,0.84,35.0,maksssksksss104.png
without_mask,without_mask,correct,0.89,0.84,27.0,maksssksksss104.png
without_mask,without_mask,correct,0.81,0.67,13.0,maksssksksss104.png
without_mask,without_mask,correct,0.85,0.86,13.0,maksssksksss104.png
with_mask,with_mask,correct,0.79,0.73,18.0,maksssksksss12.png
with_mask,with_mask,correct,0.84,0.79,18.0,maksssksksss12.png
with_mask,with_mask,correct,0.83,0.8,22.0,maksssksksss12.png
with_mask,with_mask,correct,0.66,0.67,10.0,maksssksksss12.png
with_mask,with_mask,correct,0.67,0.7,12.0,maksssksksss12.png
with_mask,,missed,0.0,,8.0,maksssksksss12.png
with_mask,with_mask,correct,0.78,0.65,18.0,maksssksksss12.png
with_mask,with_mask,correct,0.86,0.79,18.0,maksssksksss12.png
with_mask,with_mask,correct,0.86,0.82,17.0,maksssksksss12.png
with_mask,with_mask,correct,0.8,0.83,17.0,maksssksksss12.png
without_mask,without_mask,correct,0.81,0.8,14.0,maksssksksss12.png
with_mask,with_mask,correct,0.69,0.54,11.0,maksssksksss12.png
with_mask,,missed,0.0,,7.0,maksssksksss12.png
,with_mask,false_alarm,0.0,0.73,9.4,maksssksksss12.png
,without_mask,false_alarm,0.0,0.68,11.4,maksssksksss12.png
,with_mask,false_alarm,0.0,0.59,8.6,maksssksksss12.png
,without_mask,false_alarm,0.0,0.4,8.2,maksssksksss12.png
,with_mask,false_alarm,0.0,0.34,8.8,maksssksksss12.png
with_mask,with_mask,correct,0.94,0.84,32.0,maksssksksss127.png
with_mask,with_mask,correct,0.87,0.93,121.0,maksssksksss133.png
with_mask,with_mask,correct,0.86,0.85,25.0,maksssksksss134.png
without_mask,without_mask,correct,0.84,0.84,21.0,maksssksksss134.png
with_mask,without_mask,wrong_class,0.84,0.44,18.0,maksssksksss134.png
with_mask,with_mask,correct,0.85,0.82,22.0,maksssksksss134.png
with_mask,with_mask,correct,0.82,0.8,16.0,maksssksksss134.png
without_mask,without_mask,correct,0.85,0.82,16.0,maksssksksss134.png
with_mask,,missed,0.0,,16.0,maksssksksss134.png
,with_mask,false_alarm,0.0,0.66,15.7,maksssksksss134.png
,with_mask,false_alarm,0.0,0.45,4.9,maksssksksss134.png
,with_mask,false_alarm,0.0,0.28,5.2,maksssksksss134.png
,with_mask,false_alarm,0.0,0.26,9.8,maksssksksss134.png
with_mask,with_mask,correct,0.71,0.68,17.0,maksssksksss139.png
with_mask,with_mask,correct,0.91,0.79,22.0,maksssksksss139.png
without_mask,without_mask,correct,0.79,0.73,21.0,maksssksksss139.png
with_mask,with_mask,correct,0.84,0.86,31.0,maksssksksss139.png
with_mask,with_mask,correct,0.89,0.79,24.0,maksssksksss139.png
with_mask,with_mask,correct,0.82,0.79,23.0,maksssksksss139.png
mask_weared_incorrect,mask_weared_incorrect,correct,0.84,0.82,23.0,maksssksksss139.png
with_mask,with_mask,correct,0.83,0.83,29.0,maksssksksss139.png
with_mask,with_mask,correct,0.94,0.82,27.0,maksssksksss139.png
with_mask,with_mask,correct,0.84,0.77,27.0,maksssksksss139.png
with_mask,with_mask,correct,0.87,0.83,25.0,maksssksksss139.png
with_mask,with_mask,correct,0.91,0.82,23.0,maksssksksss139.png
with_mask,with_mask,correct,0.83,0.81,30.0,maksssksksss139.png
with_mask,with_mask,correct,0.83,0.8,24.0,maksssksksss139.png
with_mask,with_mask,correct,0.73,0.72,22.0,maksssksksss139.png
with_mask,with_mask,correct,0.79,0.81,28.0,maksssksksss139.png
with_mask,with_mask,correct,0.85,0.77,21.0,maksssksksss139.png
with_mask,with_mask,correct,0.9,0.8,27.0,maksssksksss139.png
with_mask,with_mask,correct,0.82,0.73,30.0,maksssksksss139.png
with_mask,with_mask,correct,0.91,0.88,92.0,maksssksksss143.png
without_mask,without_mask,correct,0.78,0.65,5.0,maksssksksss151.png
with_mask,with_mask,correct,0.72,0.77,7.0,maksssksksss151.png
with_mask,,missed,0.0,,4.0,maksssksksss151.png
with_mask,with_mask,correct,0.85,0.53,5.0,maksssksksss151.png
with_mask,with_mask,correct,0.66,0.72,6.0,maksssksksss151.png
with_mask,with_mask,correct,0.74,0.51,5.0,maksssksksss151.png
with_mask,with_mask,correct,0.68,0.71,6.0,maksssksksss151.png
mask_weared_incorrect,mask_weared_incorrect,correct,0.85,0.8,10.0,maksssksksss151.png
with_mask,with_mask,correct,0.87,0.76,10.0,maksssksksss151.png
with_mask,with_mask,correct,0.88,0.77,10.0,maksssksksss151.png
,with_mask,false_alarm,0.0,0.59,4.4,maksssksksss151.png
,with_mask,false_alarm,0.0,0.48,9.1,maksssksksss151.png
,with_mask,false_alarm,0.0,0.31,6.2,maksssksksss151.png
,without_mask,false_alarm,0.0,0.29,6.3,maksssksksss151.png
,with_mask,false_alarm,0.0,0.28,4.8,maksssksksss151.png
with_mask,with_mask,correct,0.74,0.75,16.0,maksssksksss152.png
with_mask,with_mask,correct,0.87,0.83,23.0,maksssksksss152.png
with_mask,with_mask,correct,0.9,0.81,20.0,maksssksksss152.png
with_mask,with_mask,correct,0.92,0.82,21.0,maksssksksss152.png
with_mask,with_mask,correct,0.81,0.83,23.0,maksssksksss152.png
with_mask,with_mask,correct,0.85,0.76,18.0,maksssksksss152.png
with_mask,with_mask,correct,0.8,0.79,15.0,maksssksksss152.png
with_mask,with_mask,correct,0.9,0.9,53.0,maksssksksss159.png
with_mask,with_mask,correct,0.93,0.8,11.0,maksssksksss159.png
with_mask,with_mask,correct,0.79,0.82,13.0,maksssksksss159.png
with_mask,with_mask,correct,0.9,0.81,12.0,maksssksksss159.png
with_mask,with_mask,correct,0.78,0.55,6.0,maksssksksss159.png
with_mask,with_mask,correct,0.58,0.6,5.0,maksssksksss159.png
with_mask,with_mask,correct,0.68,0.79,7.0,maksssksksss159.png
with_mask,with_mask,correct,0.64,0.67,8.0,maksssksksss159.png
with_mask,with_mask,correct,0.9,0.81,12.0,maksssksksss159.png
with_mask,with_mask,correct,0.85,0.91,69.0,maksssksksss159.png
without_mask,without_mask,correct,0.72,0.43,6.0,maksssksksss159.png
with_mask,,missed,0.0,,4.0,maksssksksss159.png
,with_mask,false_alarm,0.0,0.28,7.5,maksssksksss159.png
with_mask,with_mask,correct,0.95,0.88,99.0,maksssksksss165.png
with_mask,with_mask,correct,0.97,0.9,86.0,maksssksksss165.png
with_mask,with_mask,correct,0.91,0.87,154.0,maksssksksss171.png
,with_mask,false_alarm,0.0,0.38,61.7,maksssksksss171.png
with_mask,with_mask,correct,0.8,0.77,24.0,maksssksksss173.png
mask_weared_incorrect,mask_weared_incorrect,correct,0.92,0.3,25.0,maksssksksss173.png
,with_mask,false_alarm,0.0,0.5,24.5,maksssksksss173.png
with_mask,with_mask,correct,0.85,0.81,90.0,maksssksksss187.png
with_mask,with_mask,correct,0.91,0.86,45.0,maksssksksss192.png
with_mask,with_mask,correct,0.91,0.86,43.0,maksssksksss201.png
with_mask,with_mask,correct,0.89,0.75,29.0,maksssksksss201.png
with_mask,,missed,0.0,,19.0,maksssksksss201.png
with_mask,,missed,0.0,,61.0,maksssksksss201.png
with_mask,with_mask,correct,0.57,0.38,20.0,maksssksksss201.png
with_mask,with_mask,correct,0.88,0.69,42.0,maksssksksss201.png
with_mask,with_mask,correct,0.89,0.51,28.0,maksssksksss201.png
with_mask,with_mask,correct,0.9,0.83,32.0,maksssksksss201.png
with_mask,with_mask,correct,0.86,0.87,28.0,maksssksksss201.png
with_mask,with_mask,correct,0.84,0.63,15.0,maksssksksss201.png
,with_mask,false_alarm,0.0,0.77,12.4,maksssksksss201.png
,with_mask,false_alarm,0.0,0.56,12.2,maksssksksss201.png
,with_mask,false_alarm,0.0,0.51,12.7,maksssksksss201.png
,with_mask,false_alarm,0.0,0.47,12.0,maksssksksss201.png
,mask_weared_incorrect,false_alarm,0.0,0.45,14.7,maksssksksss201.png
,without_mask,false_alarm,0.0,0.4,12.6,maksssksksss201.png
,with_mask,false_alarm,0.0,0.36,13.5,maksssksksss201.png
,with_mask,false_alarm,0.0,0.32,9.6,maksssksksss201.png
with_mask,with_mask,correct,0.86,0.8,20.0,maksssksksss222.png
with_mask,with_mask,correct,0.77,0.8,18.0,maksssksksss222.png
with_mask,with_mask,correct,0.79,0.8,23.0,maksssksksss222.png
with_mask,with_mask,correct,0.85,0.81,17.0,maksssksksss222.png
with_mask,with_mask,correct,0.87,0.8,22.0,maksssksksss222.png
with_mask,with_mask,correct,0.76,0.82,12.0,maksssksksss222.png
with_mask,with_mask,correct,0.7,0.68,11.0,maksssksksss222.png
with_mask,with_mask,correct,0.88,0.78,17.0,maksssksksss222.png
with_mask,with_mask,correct,0.85,0.81,15.0,maksssksksss222.png
with_mask,with_mask,correct,0.78,0.83,17.0,maksssksksss222.png
with_mask,with_mask,correct,0.88,0.8,22.0,maksssksksss222.png
with_mask,with_mask,correct,0.84,0.7,14.0,maksssksksss222.png
without_mask,without_mask,correct,0.8,0.85,17.0,maksssksksss222.png
with_mask,with_mask,correct,0.81,0.8,18.0,maksssksksss222.png
with_mask,with_mask,correct,0.87,0.78,20.0,maksssksksss222.png
with_mask,with_mask,correct,0.8,0.66,15.0,maksssksksss222.png
with_mask,with_mask,correct,0.76,0.75,15.0,maksssksksss222.png
,with_mask,false_alarm,0.0,0.68,8.5,maksssksksss222.png
,with_mask,false_alarm,0.0,0.52,8.0,maksssksksss222.png
with_mask,with_mask,correct,0.92,0.89,45.0,maksssksksss234.png
with_mask,with_mask,correct,0.75,0.61,11.0,maksssksksss234.png
with_mask,with_mask,correct,0.6,0.62,9.0,maksssksksss234.png
with_mask,,missed,0.0,,12.0,maksssksksss234.png
with_mask,with_mask,correct,0.76,0.3,11.0,maksssksksss234.png
,mask_weared_incorrect,false_alarm,0.0,0.29,9.5,maksssksksss234.png
with_mask,with_mask,correct,0.8,0.78,17.0,maksssksksss238.png
with_mask,with_mask,correct,0.8,0.79,16.0,maksssksksss238.png
with_mask,with_mask,correct,0.81,0.82,17.0,maksssksksss238.png
with_mask,with_mask,correct,0.81,0.81,17.0,maksssksksss238.png
with_mask,with_mask,correct,0.91,0.81,16.0,maksssksksss238.png
with_mask,with_mask,correct,0.86,0.81,16.0,maksssksksss238.png
with_mask,with_mask,correct,0.82,0.66,10.0,maksssksksss238.png
with_mask,with_mask,correct,0.88,0.8,15.0,maksssksksss238.png
with_mask,with_mask,correct,0.84,0.79,16.0,maksssksksss238.png
with_mask,with_mask,correct,0.86,0.82,15.0,maksssksksss238.png
,with_mask,false_alarm,0.0,0.76,13.8,maksssksksss238.png
,without_mask,false_alarm,0.0,0.28,10.9,maksssksksss238.png
with_mask,with_mask,correct,0.92,0.86,42.0,maksssksksss250.png
without_mask,without_mask,correct,0.85,0.88,33.0,maksssksksss250.png
without_mask,without_mask,correct,0.88,0.83,19.0,maksssksksss250.png
mask_weared_incorrect,mask_weared_incorrect,correct,0.81,0.81,33.0,maksssksksss250.png
mask_weared_incorrect,mask_weared_incorrect,correct,0.92,0.8,44.0,maksssksksss250.png
,without_mask,false_alarm,0.0,0.28,25.1,maksssksksss250.png
with_mask,with_mask,correct,0.83,0.61,104.0,maksssksksss252.png
with_mask,with_mask,correct,0.93,0.85,32.0,maksssksksss265.png
with_mask,with_mask,correct,0.93,0.83,30.0,maksssksksss265.png
with_mask,with_mask,correct,0.88,0.81,30.0,maksssksksss265.png
with_mask,with_mask,correct,0.78,0.56,20.0,maksssksksss265.png
with_mask,with_mask,correct,0.82,0.83,23.0,maksssksksss265.png
with_mask,with_mask,correct,0.93,0.84,29.0,maksssksksss265.png
,with_mask,false_alarm,0.0,0.68,7.2,maksssksksss265.png
,with_mask,false_alarm,0.0,0.29,5.4,maksssksksss265.png
with_mask,with_mask,correct,0.88,0.88,46.0,maksssksksss293.png
with_mask,with_mask,correct,0.88,0.82,56.0,maksssksksss293.png
with_mask,with_mask,correct,0.78,0.85,51.0,maksssksksss293.png
with_mask,with_mask,correct,0.84,0.87,55.0,maksssksksss293.png
with_mask,with_mask,correct,0.9,0.87,85.0,maksssksksss298.png
with_mask,with_mask,correct,0.89,0.91,76.0,maksssksksss298.png
with_mask,with_mask,correct,0.89,0.84,43.0,maksssksksss302.png
with_mask,with_mask,correct,0.87,0.85,41.0,maksssksksss302.png
without_mask,,missed,0.0,,12.0,maksssksksss302.png
with_mask,with_mask,correct,0.87,0.81,44.0,maksssksksss304.png
with_mask,with_mask,correct,0.8,0.45,34.0,maksssksksss304.png
with_mask,with_mask,correct,0.96,0.89,111.0,maksssksksss306.png
mask_weared_incorrect,mask_weared_incorrect,correct,0.88,0.85,63.0,maksssksksss309.png
with_mask,with_mask,correct,0.81,0.89,46.0,maksssksksss311.png
with_mask,with_mask,correct,0.94,0.82,30.0,maksssksksss311.png
with_mask,with_mask,correct,0.73,0.74,26.0,maksssksksss311.png
with_mask,with_mask,correct,0.9,0.68,32.0,maksssksksss311.png
with_mask,with_mask,correct,0.79,0.76,30.0,maksssksksss311.png
without_mask,without_mask,correct,0.86,0.89,22.0,maksssksksss316.png
with_mask,with_mask,correct,0.88,0.81,42.0,maksssksksss316.png
with_mask,with_mask,correct,0.96,0.87,40.0,maksssksksss316.png
with_mask,with_mask,correct,0.9,0.65,20.0,maksssksksss316.png
with_mask,with_mask,correct,0.9,0.75,22.0,maksssksksss318.png
with_mask,with_mask,correct,0.85,0.84,28.0,maksssksksss318.png
without_mask,without_mask,correct,0.77,0.88,23.0,maksssksksss318.png
without_mask,without_mask,correct,0.85,0.87,16.0,maksssksksss318.png
without_mask,without_mask,correct,0.79,0.85,11.0,maksssksksss318.png
without_mask,without_mask,correct,0.73,0.79,15.0,maksssksksss318.png
without_mask,without_mask,correct,0.71,0.51,12.0,maksssksksss318.png
,without_mask,false_alarm,0.0,0.46,7.5,maksssksksss318.png
,without_mask,false_alarm,0.0,0.41,8.1,maksssksksss318.png
,without_mask,false_alarm,0.0,0.33,7.7,maksssksksss318.png
,without_mask,false_alarm,0.0,0.31,8.7,maksssksksss318.png
,without_mask,false_alarm,0.0,0.28,7.4,maksssksksss318.png
,with_mask,false_alarm,0.0,0.25,13.4,maksssksksss318.png
without_mask,without_mask,correct,0.92,0.94,46.0,maksssksksss327.png
without_mask,without_mask,correct,0.88,0.91,51.0,maksssksksss327.png
without_mask,without_mask,correct,0.72,0.6,37.0,maksssksksss327.png
with_mask,with_mask,correct,0.81,0.83,53.0,maksssksksss327.png
without_mask,without_mask,correct,0.93,0.93,44.0,maksssksksss327.png
without_mask,without_mask,correct,0.89,0.77,43.0,maksssksksss327.png
without_mask,without_mask,correct,0.88,0.88,47.0,maksssksksss327.png
with_mask,with_mask,correct,0.83,0.79,23.0,maksssksksss331.png
mask_weared_incorrect,without_mask,wrong_class,0.56,0.46,19.0,maksssksksss331.png
with_mask,with_mask,correct,0.89,0.79,21.0,maksssksksss331.png
with_mask,,missed,0.0,,41.0,maksssksksss331.png
with_mask,with_mask,correct,0.9,0.84,34.0,maksssksksss331.png
with_mask,with_mask,correct,0.63,0.47,12.0,maksssksksss331.png
with_mask,with_mask,correct,0.78,0.83,36.0,maksssksksss331.png
mask_weared_incorrect,without_mask,wrong_class,0.62,0.51,14.0,maksssksksss331.png
with_mask,with_mask,correct,0.89,0.77,18.0,maksssksksss331.png
with_mask,mask_weared_incorrect,wrong_class,0.85,0.64,23.0,maksssksksss331.png
with_mask,with_mask,correct,0.82,0.74,20.0,maksssksksss331.png
with_mask,,missed,0.0,,47.0,maksssksksss331.png
with_mask,with_mask,correct,0.78,0.66,15.0,maksssksksss331.png
with_mask,without_mask,wrong_class,0.7,0.35,16.0,maksssksksss331.png
with_mask,with_mask,correct,0.7,0.41,22.0,maksssksksss331.png
,with_mask,false_alarm,0.0,0.6,10.0,maksssksksss331.png
,without_mask,false_alarm,0.0,0.4,10.1,maksssksksss331.png
,with_mask,false_alarm,0.0,0.33,5.5,maksssksksss331.png
,with_mask,false_alarm,0.0,0.29,22.1,maksssksksss331.png
with_mask,with_mask,correct,0.85,0.77,33.0,maksssksksss338.png
with_mask,with_mask,correct,0.69,0.56,24.0,maksssksksss338.png
with_mask,with_mask,correct,0.89,0.83,25.0,maksssksksss338.png
with_mask,with_mask,correct,0.92,0.85,27.0,maksssksksss338.png
with_mask,with_mask,correct,0.65,0.35,18.0,maksssksksss338.png
with_mask,with_mask,correct,0.89,0.82,32.0,maksssksksss345.png
without_mask,without_mask,correct,0.92,0.73,34.0,maksssksksss345.png
with_mask,with_mask,correct,0.76,0.31,87.0,maksssksksss346.png
with_mask,with_mask,correct,0.83,0.85,114.0,maksssksksss346.png
with_mask,with_mask,correct,0.83,0.87,49.0,maksssksksss346.png
with_mask,with_mask,correct,0.86,0.87,103.0,maksssksksss346.png
with_mask,with_mask,correct,0.93,0.91,76.0,maksssksksss35.png
with_mask,with_mask,correct,0.82,0.85,45.0,maksssksksss35.png
with_mask,with_mask,correct,0.85,0.83,21.0,maksssksksss350.png
with_mask,with_mask,correct,0.87,0.84,27.0,maksssksksss350.png
with_mask,with_mask,correct,0.94,0.89,78.0,maksssksksss355.png
with_mask,with_mask,correct,0.93,0.85,35.0,maksssksksss358.png
with_mask,with_mask,correct,0.91,0.87,42.0,maksssksksss358.png
with_mask,with_mask,correct,0.85,0.85,32.0,maksssksksss358.png
with_mask,with_mask,correct,0.88,0.84,41.0,maksssksksss358.png
with_mask,with_mask,correct,0.82,0.81,21.0,maksssksksss359.png
with_mask,with_mask,correct,0.82,0.8,17.0,maksssksksss359.png
with_mask,with_mask,correct,0.76,0.75,12.0,maksssksksss359.png
with_mask,with_mask,correct,0.9,0.8,22.0,maksssksksss359.png
with_mask,with_mask,correct,0.78,0.61,14.0,maksssksksss359.png
with_mask,with_mask,correct,0.83,0.81,16.0,maksssksksss359.png
with_mask,with_mask,correct,0.9,0.8,22.0,maksssksksss359.png
with_mask,with_mask,correct,0.81,0.81,12.0,maksssksksss359.png
with_mask,with_mask,correct,0.73,0.7,12.0,maksssksksss359.png
with_mask,with_mask,correct,0.8,0.78,17.0,maksssksksss359.png
with_mask,with_mask,correct,0.81,0.81,15.0,maksssksksss359.png
with_mask,with_mask,correct,0.71,0.78,19.0,maksssksksss359.png
with_mask,with_mask,correct,0.86,0.8,22.0,maksssksksss359.png
with_mask,with_mask,correct,0.88,0.74,16.0,maksssksksss359.png
without_mask,without_mask,correct,0.8,0.85,15.0,maksssksksss359.png
with_mask,with_mask,correct,0.83,0.8,17.0,maksssksksss359.png
with_mask,with_mask,correct,0.87,0.78,17.0,maksssksksss359.png
with_mask,with_mask,correct,0.8,0.72,9.0,maksssksksss359.png
,with_mask,false_alarm,0.0,0.53,7.9,maksssksksss359.png
mask_weared_incorrect,without_mask,wrong_class,0.94,0.75,103.0,maksssksksss371.png
,mask_weared_incorrect,false_alarm,0.0,0.75,100.2,maksssksksss371.png
without_mask,without_mask,correct,0.91,0.92,83.0,maksssksksss379.png
with_mask,with_mask,correct,0.88,0.81,36.0,maksssksksss38.png
without_mask,without_mask,correct,0.95,0.87,32.0,maksssksksss38.png
with_mask,with_mask,correct,0.87,0.8,18.0,maksssksksss388.png
with_mask,with_mask,correct,0.61,0.3,16.0,maksssksksss388.png
with_mask,with_mask,correct,0.89,0.83,24.0,maksssksksss388.png
with_mask,with_mask,correct,0.81,0.78,17.0,maksssksksss388.png
without_mask,without_mask,correct,0.93,0.86,22.0,maksssksksss388.png
with_mask,with_mask,correct,0.91,0.87,31.0,maksssksksss388.png
without_mask,without_mask,correct,0.81,0.88,18.0,maksssksksss388.png
without_mask,without_mask,correct,0.92,0.86,20.0,maksssksksss388.png
without_mask,without_mask,correct,0.91,0.77,19.0,maksssksksss388.png
with_mask,with_mask,correct,0.91,0.79,19.0,maksssksksss388.png
with_mask,with_mask,correct,0.85,0.84,20.0,maksssksksss388.png
with_mask,with_mask,correct,0.86,0.82,18.0,maksssksksss388.png
mask_weared_incorrect,mask_weared_incorrect,correct,0.75,0.96,27.0,maksssksksss388.png
without_mask,without_mask,correct,0.88,0.85,25.0,maksssksksss388.png
without_mask,without_mask,correct,0.97,0.73,12.0,maksssksksss388.png
without_mask,without_mask,correct,0.73,0.71,12.0,maksssksksss388.png
with_mask,with_mask,correct,0.58,0.74,11.0,maksssksksss388.png
,with_mask,false_alarm,0.0,0.58,9.3,maksssksksss388.png
,without_mask,false_alarm,0.0,0.48,9.1,maksssksksss388.png
with_mask,with_mask,correct,0.91,0.88,66.0,maksssksksss39.png
with_mask,with_mask,correct,0.89,0.88,108.0,maksssksksss39.png
with_mask,with_mask,correct,0.84,0.83,26.0,maksssksksss391.png
with_mask,with_mask,correct,0.88,0.82,25.0,maksssksksss391.png
with_mask,with_mask,correct,0.95,0.82,28.0,maksssksksss391.png
with_mask,with_mask,correct,0.89,0.85,31.0,maksssksksss391.png
with_mask,with_mask,correct,0.77,0.78,29.0,maksssksksss399.png
with_mask,with_mask,correct,0.94,0.54,27.0,maksssksksss399.png
with_mask,with_mask,correct,0.91,0.88,37.0,maksssksksss399.png
with_mask,with_mask,correct,0.86,0.84,28.0,maksssksksss399.png
with_mask,with_mask,correct,0.76,0.79,23.0,maksssksksss399.png
with_mask,with_mask,correct,0.85,0.81,30.0,maksssksksss399.png
with_mask,with_mask,correct,0.87,0.83,39.0,maksssksksss399.png
without_mask,without_mask,correct,0.78,0.78,31.0,maksssksksss399.png
with_mask,with_mask,correct,0.86,0.86,41.0,maksssksksss40.png
with_mask,with_mask,correct,0.83,0.81,29.0,maksssksksss40.png
with_mask,with_mask,correct,0.86,0.83,39.0,maksssksksss40.png
without_mask,without_mask,correct,0.84,0.8,27.0,maksssksksss40.png
with_mask,with_mask,correct,0.89,0.63,28.0,maksssksksss410.png
with_mask,with_mask,correct,0.86,0.81,23.0,maksssksksss410.png
with_mask,with_mask,correct,0.9,0.79,29.0,maksssksksss410.png
with_mask,with_mask,correct,0.79,0.81,19.0,maksssksksss410.png
with_mask,with_mask,correct,0.77,0.78,17.0,maksssksksss410.png
mask_weared_incorrect,mask_weared_incorrect,correct,0.91,0.89,14.0,maksssksksss410.png
with_mask,with_mask,correct,0.9,0.79,14.0,maksssksksss410.png
with_mask,with_mask,correct,0.71,0.74,9.0,maksssksksss410.png
with_mask,,missed,0.0,,9.0,maksssksksss410.png
with_mask,with_mask,correct,0.8,0.76,26.0,maksssksksss410.png
with_mask,with_mask,correct,0.84,0.74,16.0,maksssksksss410.png
with_mask,with_mask,correct,0.85,0.83,33.0,maksssksksss410.png
with_mask,with_mask,correct,0.59,0.42,15.0,maksssksksss410.png
with_mask,with_mask,correct,0.71,0.77,9.0,maksssksksss410.png
with_mask,with_mask,correct,0.91,0.78,14.0,maksssksksss410.png
with_mask,with_mask,correct,0.93,0.75,12.0,maksssksksss410.png
with_mask,with_mask,correct,0.8,0.81,9.0,maksssksksss410.png
with_mask,with_mask,correct,0.59,0.49,8.0,maksssksksss410.png
with_mask,with_mask,correct,0.62,0.69,8.0,maksssksksss410.png
with_mask,with_mask,correct,0.67,0.79,12.0,maksssksksss410.png
with_mask,with_mask,correct,0.74,0.73,8.0,maksssksksss410.png
,with_mask,false_alarm,0.0,0.34,5.1,maksssksksss410.png
,with_mask,false_alarm,0.0,0.28,4.6,maksssksksss410.png
with_mask,with_mask,correct,0.81,0.76,19.0,maksssksksss416.png
with_mask,with_mask,correct,0.89,0.64,23.0,maksssksksss416.png
with_mask,with_mask,correct,0.89,0.77,19.0,maksssksksss416.png
with_mask,with_mask,correct,0.9,0.78,18.0,maksssksksss416.png
,with_mask,false_alarm,0.0,0.62,10.6,maksssksksss416.png
,with_mask,false_alarm,0.0,0.37,5.5,maksssksksss416.png
with_mask,with_mask,correct,0.85,0.86,159.0,maksssksksss426.png
with_mask,with_mask,correct,0.9,0.84,62.0,maksssksksss427.png
with_mask,with_mask,correct,0.84,0.83,16.0,maksssksksss427.png
with_mask,with_mask,correct,0.84,0.76,22.0,maksssksksss427.png
with_mask,with_mask,correct,0.92,0.9,96.0,maksssksksss427.png
with_mask,with_mask,correct,0.79,0.79,22.0,maksssksksss429.png
with_mask,with_mask,correct,0.8,0.75,22.0,maksssksksss429.png
with_mask,with_mask,correct,0.72,0.74,21.0,maksssksksss429.png
with_mask,with_mask,correct,0.72,0.69,16.0,maksssksksss429.png
with_mask,with_mask,correct,0.9,0.91,61.0,maksssksksss456.png
with_mask,with_mask,correct,0.85,0.78,24.0,maksssksksss46.png
with_mask,with_mask,correct,0.87,0.82,19.0,maksssksksss46.png
with_mask,with_mask,correct,0.9,0.79,18.0,maksssksksss46.png
with_mask,with_mask,correct,0.91,0.79,23.0,maksssksksss46.png
with_mask,with_mask,correct,0.81,0.79,16.0,maksssksksss46.png
with_mask,with_mask,correct,0.82,0.8,13.0,maksssksksss46.png
with_mask,with_mask,correct,0.81,0.59,15.0,maksssksksss46.png
with_mask,with_mask,correct,0.8,0.8,15.0,maksssksksss46.png
with_mask,with_mask,correct,0.81,0.78,22.0,maksssksksss46.png
with_mask,with_mask,correct,0.77,0.8,18.0,maksssksksss46.png
with_mask,with_mask,correct,0.89,0.88,115.0,maksssksksss468.png
without_mask,without_mask,correct,0.95,0.94,105.0,maksssksksss48.png
with_mask,with_mask,correct,0.95,0.89,110.0,maksssksksss480.png
with_mask,with_mask,correct,0.81,0.8,22.0,maksssksksss481.png
with_mask,with_mask,correct,0.94,0.83,26.0,maksssksksss481.png
with_mask,with_mask,correct,0.84,0.82,19.0,maksssksksss481.png
with_mask,with_mask,correct,0.89,0.85,27.0,maksssksksss481.png
with_mask,with_mask,correct,0.77,0.77,12.0,maksssksksss481.png
,with_mask,false_alarm,0.0,0.47,6.2,maksssksksss481.png
without_mask,without_mask,correct,0.92,0.92,45.0,maksssksksss487.png
with_mask,with_mask,correct,0.97,0.92,70.0,maksssksksss487.png
with_mask,with_mask,correct,0.94,0.91,59.0,maksssksksss487.png
with_mask,with_mask,correct,0.9,0.88,55.0,maksssksksss487.png
with_mask,with_mask,correct,0.95,0.91,61.0,maksssksksss487.png
with_mask,with_mask,correct,0.86,0.81,18.0,maksssksksss49.png
with_mask,with_mask,correct,0.65,0.78,17.0,maksssksksss49.png
with_mask,with_mask,correct,0.75,0.79,18.0,maksssksksss49.png
with_mask,with_mask,correct,0.74,0.82,21.0,maksssksksss49.png
with_mask,with_mask,correct,0.87,0.83,18.0,maksssksksss49.png
with_mask,with_mask,correct,0.78,0.82,16.0,maksssksksss49.png
without_mask,without_mask,correct,0.77,0.83,18.0,maksssksksss49.png
without_mask,without_mask,correct,0.75,0.53,15.0,maksssksksss49.png
,with_mask,false_alarm,0.0,0.59,11.7,maksssksksss49.png
with_mask,with_mask,correct,0.93,0.87,95.0,maksssksksss491.png
mask_weared_incorrect,without_mask,wrong_class,0.88,0.41,99.0,maksssksksss496.png
,without_mask,false_alarm,0.0,0.56,47.5,maksssksksss496.png
with_mask,with_mask,correct,0.85,0.89,83.0,maksssksksss497.png
with_mask,with_mask,correct,0.91,0.88,193.0,maksssksksss506.png
with_mask,with_mask,correct,0.91,0.81,21.0,maksssksksss512.png
with_mask,with_mask,correct,0.83,0.78,17.0,maksssksksss512.png
with_mask,with_mask,correct,0.89,0.87,34.0,maksssksksss512.png
with_mask,with_mask,correct,0.84,0.82,26.0,maksssksksss512.png
with_mask,with_mask,correct,0.82,0.78,19.0,maksssksksss512.png
with_mask,with_mask,correct,0.91,0.82,31.0,maksssksksss512.png
with_mask,with_mask,correct,0.92,0.79,16.0,maksssksksss512.png
with_mask,with_mask,correct,0.84,0.68,22.0,maksssksksss516.png
with_mask,with_mask,correct,0.92,0.81,30.0,maksssksksss516.png
with_mask,with_mask,correct,0.88,0.67,20.0,maksssksksss516.png
with_mask,with_mask,correct,0.85,0.83,29.0,maksssksksss516.png
with_mask,with_mask,correct,0.91,0.84,30.0,maksssksksss516.png
with_mask,with_mask,correct,0.83,0.79,19.0,maksssksksss516.png
with_mask,with_mask,correct,0.95,0.75,16.0,maksssksksss516.png
,with_mask,false_alarm,0.0,0.37,14.5,maksssksksss516.png
without_mask,without_mask,correct,0.81,0.91,47.0,maksssksksss52.png
without_mask,,missed,0.0,,41.0,maksssksksss52.png
with_mask,,missed,0.0,,33.0,maksssksksss52.png
with_mask,with_mask,correct,0.82,0.77,36.0,maksssksksss52.png
with_mask,,missed,0.0,,16.0,maksssksksss52.png
without_mask,without_mask,correct,0.89,0.86,37.0,maksssksksss52.png
with_mask,with_mask,correct,0.89,0.87,45.0,maksssksksss52.png
with_mask,with_mask,correct,0.74,0.74,34.0,maksssksksss52.png
with_mask,with_mask,correct,0.96,0.86,53.0,maksssksksss52.png
with_mask,with_mask,correct,0.72,0.78,17.0,maksssksksss52.png
without_mask,without_mask,correct,0.84,0.84,26.0,maksssksksss52.png
mask_weared_incorrect,mask_weared_incorrect,correct,0.84,0.64,28.0,maksssksksss52.png
without_mask,without_mask,correct,0.79,0.83,25.0,maksssksksss52.png
without_mask,without_mask,correct,0.84,0.88,22.0,maksssksksss52.png
with_mask,with_mask,correct,0.74,0.69,14.0,maksssksksss52.png
with_mask,with_mask,correct,0.72,0.71,17.0,maksssksksss52.png
with_mask,with_mask,correct,0.91,0.75,23.0,maksssksksss52.png
mask_weared_incorrect,,missed,0.0,,14.0,maksssksksss52.png
with_mask,,missed,0.0,,11.0,maksssksksss52.png
with_mask,,missed,0.0,,9.0,maksssksksss52.png
with_mask,with_mask,correct,0.87,0.78,18.0,maksssksksss52.png
with_mask,,missed,0.0,,16.0,maksssksksss52.png
with_mask,with_mask,correct,0.75,0.66,15.0,maksssksksss52.png
with_mask,with_mask,correct,0.67,0.42,15.0,maksssksksss52.png
with_mask,with_mask,correct,0.66,0.45,17.0,maksssksksss52.png
with_mask,with_mask,correct,0.72,0.72,10.0,maksssksksss52.png
with_mask,,missed,0.0,,5.0,maksssksksss52.png
with_mask,,missed,0.0,,9.0,maksssksksss52.png
with_mask,with_mask,correct,0.83,0.66,12.0,maksssksksss52.png
without_mask,without_mask,correct,0.76,0.69,15.0,maksssksksss52.png
with_mask,,missed,0.0,,17.0,maksssksksss52.png
with_mask,,missed,0.0,,17.0,maksssksksss52.png
with_mask,,missed,0.0,,5.0,maksssksksss52.png
with_mask,with_mask,correct,0.81,0.78,8.0,maksssksksss52.png
with_mask,with_mask,correct,0.59,0.7,11.0,maksssksksss52.png
mask_weared_incorrect,,missed,0.0,,18.0,maksssksksss52.png
without_mask,without_mask,correct,0.67,0.84,10.0,maksssksksss52.png
with_mask,with_mask,correct,0.79,0.3,25.0,maksssksksss52.png
with_mask,,missed,0.0,,11.0,maksssksksss52.png
without_mask,without_mask,correct,0.55,0.73,8.0,maksssksksss52.png
with_mask,,missed,0.0,,11.0,maksssksksss52.png
with_mask,with_mask,correct,0.83,0.67,32.0,maksssksksss52.png
with_mask,mask_weared_incorrect,wrong_class,0.87,0.36,49.0,maksssksksss52.png
with_mask,with_mask,correct,0.88,0.81,24.0,maksssksksss52.png
without_mask,,missed,0.0,,10.0,maksssksksss52.png
with_mask,with_mask,correct,0.87,0.48,14.0,maksssksksss52.png
with_mask,,missed,0.0,,21.0,maksssksksss52.png
with_mask,with_mask,correct,0.78,0.76,19.0,maksssksksss52.png
with_mask,with_mask,correct,0.79,0.74,18.0,maksssksksss52.png
mask_weared_incorrect,,missed,0.0,,12.0,maksssksksss52.png
with_mask,with_mask,correct,0.67,0.74,8.0,maksssksksss52.png
,without_mask,false_alarm,0.0,0.52,9.3,maksssksksss52.png
,with_mask,false_alarm,0.0,0.33,12.3,maksssksksss52.png
with_mask,with_mask,correct,0.92,0.91,112.0,maksssksksss520.png
without_mask,without_mask,correct,0.82,0.84,86.0,maksssksksss523.png
with_mask,with_mask,correct,0.96,0.91,76.0,maksssksksss523.png
without_mask,without_mask,correct,0.93,0.94,106.0,maksssksksss528.png
with_mask,with_mask,correct,0.95,0.91,113.0,maksssksksss546.png
with_mask,with_mask,correct,0.86,0.87,33.0,maksssksksss572.png
with_mask,with_mask,correct,0.91,0.86,31.0,maksssksksss572.png
with_mask,with_mask,correct,0.82,0.88,37.0,maksssksksss572.png
with_mask,with_mask,correct,0.85,0.82,30.0,maksssksksss572.png
with_mask,with_mask,correct,0.69,0.8,21.0,maksssksksss572.png
with_mask,with_mask,correct,0.85,0.77,20.0,maksssksksss572.png
with_mask,with_mask,correct,0.86,0.89,48.0,maksssksksss574.png
with_mask,with_mask,correct,0.91,0.85,38.0,maksssksksss574.png
with_mask,with_mask,correct,0.81,0.82,23.0,maksssksksss574.png
with_mask,with_mask,correct,0.88,0.8,21.0,maksssksksss574.png
with_mask,with_mask,correct,0.83,0.8,20.0,maksssksksss574.png
with_mask,with_mask,correct,0.83,0.8,14.0,maksssksksss574.png
with_mask,with_mask,correct,0.91,0.91,75.0,maksssksksss576.png
with_mask,with_mask,correct,0.95,0.9,83.0,maksssksksss576.png
with_mask,with_mask,correct,0.87,0.84,43.0,maksssksksss579.png
with_mask,with_mask,correct,0.92,0.84,41.0,maksssksksss579.png
without_mask,,missed,0.0,,12.0,maksssksksss579.png
with_mask,with_mask,correct,0.91,0.86,161.0,maksssksksss582.png
with_mask,with_mask,correct,0.79,0.85,35.0,maksssksksss586.png
with_mask,with_mask,correct,0.81,0.8,30.0,maksssksksss586.png
with_mask,with_mask,correct,0.89,0.78,28.0,maksssksksss586.png
with_mask,with_mask,correct,0.95,0.84,127.0,maksssksksss596.png
,with_mask,false_alarm,0.0,0.65,102.4,maksssksksss596.png
with_mask,with_mask,correct,0.82,0.81,22.0,maksssksksss597.png
with_mask,with_mask,correct,0.89,0.81,22.0,maksssksksss597.png
with_mask,with_mask,correct,0.79,0.78,19.0,maksssksksss611.png
with_mask,with_mask,correct,0.88,0.8,18.0,maksssksksss611.png
with_mask,with_mask,correct,0.68,0.61,10.0,maksssksksss611.png
with_mask,with_mask,correct,0.83,0.82,15.0,maksssksksss611.png
mask_weared_incorrect,mask_weared_incorrect,correct,0.97,0.41,13.0,maksssksksss611.png
,with_mask,false_alarm,0.0,0.61,14.1,maksssksksss611.png
,without_mask,false_alarm,0.0,0.29,13.3,maksssksksss611.png
without_mask,without_mask,correct,0.86,0.92,69.0,maksssksksss615.png
with_mask,with_mask,correct,0.91,0.9,87.0,maksssksksss617.png
with_mask,with_mask,correct,0.88,0.87,132.0,maksssksksss62.png
with_mask,with_mask,correct,0.92,0.84,26.0,maksssksksss623.png
with_mask,with_mask,correct,0.92,0.8,26.0,maksssksksss623.png
mask_weared_incorrect,mask_weared_incorrect,correct,0.96,0.77,21.0,maksssksksss623.png
without_mask,without_mask,correct,0.74,0.78,17.0,maksssksksss623.png
with_mask,with_mask,correct,0.79,0.78,16.0,maksssksksss623.png
with_mask,with_mask,correct,0.86,0.61,14.0,maksssksksss623.png
without_mask,without_mask,correct,0.83,0.86,20.0,maksssksksss623.png
with_mask,with_mask,correct,0.88,0.84,21.0,maksssksksss623.png
with_mask,with_mask,correct,0.87,0.71,22.0,maksssksksss623.png
with_mask,with_mask,correct,0.85,0.77,18.0,maksssksksss623.png
with_mask,with_mask,correct,0.93,0.81,28.0,maksssksksss623.png
with_mask,with_mask,correct,0.85,0.8,25.0,maksssksksss623.png
with_mask,with_mask,correct,0.82,0.82,29.0,maksssksksss623.png
with_mask,with_mask,correct,0.88,0.81,23.0,maksssksksss623.png
with_mask,with_mask,correct,0.86,0.78,25.0,maksssksksss623.png
with_mask,with_mask,correct,0.73,0.72,23.0,maksssksksss623.png
with_mask,with_mask,correct,0.86,0.76,19.0,maksssksksss623.png
with_mask,with_mask,correct,0.92,0.82,21.0,maksssksksss623.png
with_mask,with_mask,correct,0.84,0.81,23.0,maksssksksss623.png
with_mask,with_mask,correct,0.74,0.7,28.0,maksssksksss623.png
with_mask,with_mask,correct,0.92,0.78,24.0,maksssksksss623.png
with_mask,with_mask,correct,0.88,0.79,18.0,maksssksksss623.png
with_mask,with_mask,correct,0.89,0.75,18.0,maksssksksss623.png
,without_mask,false_alarm,0.0,0.45,9.6,maksssksksss623.png
,with_mask,false_alarm,0.0,0.36,18.6,maksssksksss623.png
with_mask,with_mask,correct,0.86,0.81,21.0,maksssksksss628.png
with_mask,with_mask,correct,0.74,0.55,11.0,maksssksksss628.png
with_mask,with_mask,correct,0.98,0.91,128.0,maksssksksss63.png
with_mask,with_mask,correct,0.97,0.91,110.0,maksssksksss646.png
with_mask,with_mask,correct,0.93,0.84,39.0,maksssksksss65.png
with_mask,with_mask,correct,0.82,0.73,30.0,maksssksksss65.png
without_mask,without_mask,correct,0.89,0.86,21.0,maksssksksss65.png
with_mask,with_mask,correct,0.85,0.8,17.0,maksssksksss656.png
with_mask,with_mask,correct,0.86,0.8,20.0,maksssksksss656.png
with_mask,with_mask,correct,0.77,0.66,11.0,maksssksksss656.png
with_mask,with_mask,correct,0.84,0.82,19.0,maksssksksss656.png
with_mask,with_mask,correct,0.63,0.64,12.0,maksssksksss656.png
with_mask,with_mask,correct,0.83,0.8,16.0,maksssksksss656.png
with_mask,with_mask,correct,0.85,0.79,20.0,maksssksksss656.png
with_mask,with_mask,correct,0.71,0.47,6.0,maksssksksss656.png
with_mask,with_mask,correct,0.88,0.81,11.0,maksssksksss656.png
with_mask,with_mask,correct,0.96,0.7,12.0,maksssksksss656.png
with_mask,with_mask,correct,0.91,0.78,17.0,maksssksksss656.png
with_mask,with_mask,correct,0.94,0.81,15.0,maksssksksss656.png
with_mask,with_mask,correct,0.81,0.82,15.0,maksssksksss656.png
with_mask,with_mask,correct,0.87,0.82,21.0,maksssksksss656.png
with_mask,,missed,0.0,,9.0,maksssksksss656.png
with_mask,with_mask,correct,0.78,0.76,14.0,maksssksksss656.png
without_mask,without_mask,correct,0.87,0.83,14.0,maksssksksss656.png
with_mask,with_mask,correct,0.72,0.7,8.0,maksssksksss656.png
with_mask,with_mask,correct,0.87,0.81,16.0,maksssksksss656.png
with_mask,with_mask,correct,0.93,0.79,19.0,maksssksksss656.png
,without_mask,false_alarm,0.0,0.38,11.0,maksssksksss656.png
with_mask,with_mask,correct,0.85,0.79,18.0,maksssksksss662.png
with_mask,with_mask,correct,0.79,0.78,14.0,maksssksksss662.png
with_mask,with_mask,correct,0.89,0.79,17.0,maksssksksss662.png
with_mask,with_mask,correct,0.83,0.78,22.0,maksssksksss662.png
,with_mask,false_alarm,0.0,0.37,8.1,maksssksksss662.png
with_mask,with_mask,correct,0.95,0.89,110.0,maksssksksss671.png
with_mask,with_mask,correct,0.81,0.9,141.0,maksssksksss681.png
with_mask,with_mask,correct,0.84,0.66,38.0,maksssksksss682.png
with_mask,with_mask,correct,0.92,0.82,30.0,maksssksksss682.png
with_mask,with_mask,correct,0.91,0.84,35.0,maksssksksss682.png
without_mask,without_mask,correct,0.86,0.77,20.0,maksssksksss682.png
with_mask,with_mask,correct,0.74,0.43,26.0,maksssksksss682.png
,mask_weared_incorrect,false_alarm,0.0,0.36,35.7,maksssksksss682.png
with_mask,with_mask,correct,0.97,0.88,104.0,maksssksksss686.png
without_mask,without_mask,correct,0.9,0.94,46.0,maksssksksss699.png
without_mask,without_mask,correct,0.9,0.9,48.0,maksssksksss699.png
with_mask,with_mask,correct,0.96,0.85,51.0,maksssksksss699.png
without_mask,without_mask,correct,0.75,0.62,35.0,maksssksksss699.png
without_mask,without_mask,correct,0.92,0.93,42.0,maksssksksss699.png
without_mask,without_mask,correct,0.84,0.72,43.0,maksssksksss699.png
without_mask,without_mask,correct,0.83,0.88,54.0,maksssksksss699.png
with_mask,with_mask,correct,0.83,0.81,28.0,maksssksksss705.png
with_mask,with_mask,correct,0.91,0.85,33.0,maksssksksss705.png
with_mask,with_mask,correct,0.81,0.84,35.0,maksssksksss705.png
with_mask,with_mask,correct,0.79,0.65,31.0,maksssksksss705.png
with_mask,,missed,0.0,,34.0,maksssksksss705.png
with_mask,,missed,0.0,,31.0,maksssksksss705.png
with_mask,with_mask,correct,0.96,0.83,35.0,maksssksksss705.png
with_mask,with_mask,correct,0.89,0.88,32.0,maksssksksss705.png
with_mask,with_mask,correct,0.8,0.68,31.0,maksssksksss705.png
with_mask,with_mask,correct,0.94,0.82,31.0,maksssksksss705.png
with_mask,with_mask,correct,0.94,0.86,32.0,maksssksksss705.png
with_mask,with_mask,correct,0.93,0.8,23.0,maksssksksss705.png
with_mask,with_mask,correct,0.88,0.84,26.0,maksssksksss705.png
with_mask,with_mask,correct,0.91,0.86,31.0,maksssksksss705.png
with_mask,with_mask,correct,0.87,0.88,37.0,maksssksksss705.png
with_mask,with_mask,correct,0.93,0.88,35.0,maksssksksss705.png
,with_mask,false_alarm,0.0,0.79,34.6,maksssksksss705.png
,with_mask,false_alarm,0.0,0.73,20.2,maksssksksss705.png
,with_mask,false_alarm,0.0,0.64,9.0,maksssksksss705.png
,with_mask,false_alarm,0.0,0.38,31.1,maksssksksss705.png
,with_mask,false_alarm,0.0,0.36,37.0,maksssksksss705.png
,mask_weared_incorrect,false_alarm,0.0,0.25,5.8,maksssksksss705.png
with_mask,with_mask,correct,0.82,0.88,90.0,maksssksksss709.png
with_mask,with_mask,correct,0.82,0.86,30.0,maksssksksss714.png
with_mask,with_mask,correct,0.95,0.72,26.0,maksssksksss714.png
with_mask,with_mask,correct,0.85,0.75,21.0,maksssksksss714.png
with_mask,with_mask,correct,0.89,0.83,25.0,maksssksksss714.png
with_mask,with_mask,correct,0.86,0.85,46.0,maksssksksss715.png
without_mask,,missed,0.0,,23.0,maksssksksss715.png
with_mask,with_mask,correct,0.65,0.27,22.0,maksssksksss73.png
with_mask,with_mask,correct,0.92,0.79,34.0,maksssksksss73.png
with_mask,with_mask,correct,0.81,0.59,21.0,maksssksksss73.png
with_mask,with_mask,correct,0.77,0.81,28.0,maksssksksss736.png
with_mask,with_mask,correct,0.96,0.81,38.0,maksssksksss736.png
with_mask,with_mask,correct,0.74,0.81,34.0,maksssksksss74.png
with_mask,with_mask,correct,0.72,0.8,16.0,maksssksksss74.png
with_mask,with_mask,correct,0.63,0.82,11.0,maksssksksss74.png
with_mask,with_mask,correct,0.8,0.62,10.0,maksssksksss74.png
with_mask,with_mask,correct,0.8,0.67,9.0,maksssksksss74.png
with_mask,with_mask,correct,0.76,0.77,15.0,maksssksksss74.png
with_mask,with_mask,correct,0.62,0.8,11.0,maksssksksss74.png
with_mask,with_mask,correct,0.95,0.88,46.0,maksssksksss74.png
with_mask,with_mask,correct,0.75,0.7,10.0,maksssksksss74.png
with_mask,,missed,0.0,,7.0,maksssksksss74.png
with_mask,with_mask,correct,0.8,0.83,11.0,maksssksksss74.png
with_mask,with_mask,correct,0.68,0.81,17.0,maksssksksss74.png
with_mask,with_mask,correct,0.83,0.81,25.0,maksssksksss74.png
with_mask,,missed,0.0,,9.0,maksssksksss74.png
with_mask,with_mask,correct,0.69,0.34,7.0,maksssksksss74.png
with_mask,with_mask,correct,0.69,0.6,11.0,maksssksksss74.png
with_mask,with_mask,correct,0.77,0.74,10.0,maksssksksss74.png
with_mask,with_mask,correct,0.74,0.64,7.0,maksssksksss74.png
with_mask,with_mask,correct,0.74,0.77,10.0,maksssksksss74.png
with_mask,with_mask,correct,0.58,0.56,7.0,maksssksksss74.png
with_mask,with_mask,correct,0.7,0.6,8.0,maksssksksss74.png
with_mask,with_mask,correct,0.83,0.81,19.0,maksssksksss74.png
with_mask,with_mask,correct,0.84,0.83,10.0,maksssksksss74.png
with_mask,with_mask,correct,0.81,0.75,9.0,maksssksksss74.png
with_mask,,missed,0.0,,12.0,maksssksksss74.png
without_mask,,missed,0.0,,6.0,maksssksksss74.png
,with_mask,false_alarm,0.0,0.66,8.6,maksssksksss74.png
,with_mask,false_alarm,0.0,0.54,5.9,maksssksksss74.png
,with_mask,false_alarm,0.0,0.52,5.0,maksssksksss74.png
,with_mask,false_alarm,0.0,0.4,9.4,maksssksksss74.png
,with_mask,false_alarm,0.0,0.37,4.8,maksssksksss74.png
,with_mask,false_alarm,0.0,0.35,6.7,maksssksksss74.png
,with_mask,false_alarm,0.0,0.28,5.7,maksssksksss74.png
,with_mask,false_alarm,0.0,0.28,5.1,maksssksksss74.png
without_mask,without_mask,correct,0.57,0.64,6.0,maksssksksss750.png
without_mask,without_mask,correct,0.68,0.79,7.0,maksssksksss750.png
without_mask,without_mask,correct,0.58,0.59,6.0,maksssksksss750.png
without_mask,without_mask,correct,0.64,0.72,9.0,maksssksksss750.png
without_mask,without_mask,correct,0.79,0.78,10.0,maksssksksss750.png
without_mask,without_mask,correct,0.87,0.75,9.0,maksssksksss750.png
without_mask,without_mask,correct,0.84,0.66,10.0,maksssksksss750.png
,with_mask,false_alarm,0.0,0.41,7.6,maksssksksss750.png
without_mask,without_mask,correct,0.95,0.96,116.0,maksssksksss757.png
with_mask,with_mask,correct,0.83,0.71,20.0,maksssksksss758.png
with_mask,with_mask,correct,0.8,0.7,20.0,maksssksksss758.png
with_mask,with_mask,correct,0.85,0.85,36.0,maksssksksss758.png
with_mask,with_mask,correct,0.63,0.33,17.0,maksssksksss758.png
with_mask,with_mask,correct,0.77,0.59,12.0,maksssksksss758.png
with_mask,with_mask,correct,0.94,0.89,103.0,maksssksksss762.png
with_mask,with_mask,correct,0.88,0.72,25.0,maksssksksss769.png
with_mask,with_mask,correct,0.63,0.76,27.0,maksssksksss769.png
,with_mask,false_alarm,0.0,0.58,23.7,maksssksksss769.png
with_mask,with_mask,correct,0.92,0.88,62.0,maksssksksss771.png
with_mask,with_mask,correct,0.95,0.85,36.0,maksssksksss771.png
with_mask,with_mask,correct,0.9,0.87,55.0,maksssksksss771.png
with_mask,with_mask,correct,0.93,0.9,86.0,maksssksksss771.png
with_mask,with_mask,correct,0.96,0.83,34.0,maksssksksss771.png
with_mask,with_mask,correct,0.8,0.78,27.0,maksssksksss776.png
with_mask,with_mask,correct,0.92,0.79,29.0,maksssksksss776.png
without_mask,without_mask,correct,0.88,0.91,58.0,maksssksksss785.png
without_mask,without_mask,correct,0.95,0.88,52.0,maksssksksss787.png
with_mask,with_mask,correct,0.9,0.88,53.0,maksssksksss787.png
with_mask,with_mask,correct,0.82,0.85,44.0,maksssksksss787.png
with_mask,with_mask,correct,0.88,0.89,55.0,maksssksksss787.png
without_mask,without_mask,correct,0.78,0.41,45.0,maksssksksss787.png
with_mask,with_mask,correct,0.83,0.82,38.0,maksssksksss787.png
with_mask,with_mask,correct,0.88,0.92,60.0,maksssksksss787.png
with_mask,with_mask,correct,0.86,0.88,40.0,maksssksksss787.png
,with_mask,false_alarm,0.0,0.78,32.9,maksssksksss787.png
,with_mask,false_alarm,0.0,0.43,28.4,maksssksksss787.png
with_mask,with_mask,correct,0.75,0.85,89.0,maksssksksss791.png
with_mask,with_mask,correct,0.82,0.87,43.0,maksssksksss792.png
without_mask,without_mask,correct,0.9,0.94,43.0,maksssksksss792.png
without_mask,without_mask,correct,0.55,0.73,26.0,maksssksksss792.png
without_mask,without_mask,correct,0.74,0.78,34.0,maksssksksss792.png
without_mask,without_mask,correct,0.87,0.87,29.0,maksssksksss792.png
without_mask,without_mask,correct,0.91,0.82,46.0,maksssksksss792.png
,without_mask,false_alarm,0.0,0.7,25.3,maksssksksss792.png
,with_mask,false_alarm,0.0,0.46,6.1,maksssksksss792.png
with_mask,with_mask,correct,0.9,0.9,77.0,maksssksksss80.png
